﻿<?xml version="1.0" encoding="utf-8"?>
<?xml-stylesheet type="text/xsl" href="c:\program files\microsoft visual studio 10.0\team tools\static analysis tools\fxcop\Xml\CodeAnalysisReport.xsl"?>
<FxCopReport Version="10.0">
 <Targets>
  <Target Name="C:\src\Bundler\src\vs\BundlerRunOnSave\bin\Release\BundlerRunOnSave.dll">
   <Modules>
    <Module Name="bundlerrunonsave.dll">
     <Namespaces>
      <Namespace Name="ServiceStack.BundlerRunOnSave">
       <Types>
        <Type Name="BundlerRunOnSavePackage" Kind="Class" Accessibility="Public" ExternallyVisible="True">
         <Messages>
          <Message TypeName="TypesThatOwnDisposableFieldsShouldBeDisposable" Category="Microsoft.Design" CheckId="CA1001" Status="Active" Created="2012-07-03 05:16:31Z" FixCategory="DependsOnFix">
           <Issue Name="DependsOnFix" Certainty="95" Level="CriticalError">Implement IDisposable on 'BundlerRunOnSavePackage' because it creates members of the following IDisposable types: 'SolutionEventsListener'. If 'BundlerRunOnSavePackage' has previously shipped, adding new members that implement IDisposable to this type is considered a breaking change to existing consumers.</Issue>
          </Message>
         </Messages>
        </Type>
       </Types>
      </Namespace>
     </Namespaces>
    </Module>
   </Modules>
  </Target>
 </Targets>
 <Rules>
  <Rule TypeName="TypesThatOwnDisposableFieldsShouldBeDisposable" Category="Microsoft.Design" CheckId="CA1001">
   <Name>Types that own disposable fields should be disposable</Name>
   <Description>Types that declare disposable members should also implement IDisposable. If the type does not own any unmanaged resources, do not implement a finalizer on it.</Description>
   <Resolution Name="DependsOnFix">Implement IDisposable on {0} because it creates members of the following IDisposable types: {1}. If {0} has previously shipped, adding new members that implement IDisposable to this type is considered a breaking change to existing consumers.</Resolution>
   <Owner />
   <Url>http://msdn.microsoft.com/library/ms182172(VS.100).aspx</Url>
   <Email>[none]</Email>
   <MessageLevel Certainty="95">CriticalError</MessageLevel>
   <File Name="designrules.dll" Version="10.0.0.0" />
  </Rule>
 </Rules>
 <Localized>
  <String Key="Category">Category</String>
  <String Key="Certainty">Certainty</String>
  <String Key="CollapseAll">Collapse All</String>
  <String Key="CheckId">Check Id</String>
  <String Key="Error">Error</String>
  <String Key="Errors">error(s)</String>
  <String Key="ExpandAll">Expand All</String>
  <String Key="Help">Help</String>
  <String Key="Line">Line</String>
  <String Key="Messages">message(s)</String>
  <String Key="LocationNotStoredInPdb">[Location not stored in Pdb]</String>
  <String Key="Project">Project</String>
  <String Key="Resolution">Resolution</String>
  <String Key="Rule">Rule</String>
  <String Key="RuleFile">Rule File</String>
  <String Key="RuleDescription">Rule Description</String>
  <String Key="Source">Source</String>
  <String Key="Status">Status</String>
  <String Key="Target">Target</String>
  <String Key="Warning">Warning</String>
  <String Key="Warnings">warning(s)</String>
  <String Key="ReportTitle">Code Analysis Report</String>
 </Localized>
</FxCopReport>
